{
  "lastCheck": "2026-03-06T04:45:13.451Z",
  "lastReportedFold": 111,
  "lastReportedEpoch": 0,
  "completedFolds": 111,
  "totalFolds": 94,
  "foldICs": [
    0.13497198052203732,
    0.14761986159020854,
    0.13106983595580896,
    0.20441251341002306,
    0.17829914617141543,
    0.1486802765171926,
    0.11190889931196603,
    0.06160738463556578,
    0.07482558330748908,
    0.132901262493994,
    0.12215383747884735,
    0.1406511276998313,
    0.07406434018716238,
    0.17336609358408747,
    0.14943682326473912,
    0.1527426367736666,
    0.15678167629688367,
    0.14907093185242387,
    0.1526660743590679,
    0.17467523155556522,
    0.13101741820264534,
    0.0883249973060183,
    0.09307653859171705,
    0.11630695650959152,
    0.18179093349601932,
    0.17257818435088754,
    0.17451764587628485,
    0.15420449733150213,
    0.13204656077916407,
    0.09988726912607825,
    0.09893905722481831,
    0.12185322396687795,
    0.1763910206215593,
    0.08827034194120076,
    0.1428540568281085,
    0.16265148084157313,
    0.15431064403092382,
    0.16341488986546426,
    0.2305236409905733,
    0.22176701087940648,
    0.210265501326358,
    0.07693140163057827,
    0.15624775226081758,
    0.17723872711770258,
    0.22698422873225052,
    0.1552174070987196,
    0.14660101911062454,
    0.09299170071575011,
    0.10209632065918799,
    0.1588130502945448,
    0.11633732403359577,
    0.15329592345478532,
    0.14859192997854687,
    0.11526300546574812,
    0.18675645640664895,
    0.11942346480868878,
    0.20426406544618086,
    0.1411469550249091,
    0.05465382988204316,
    0.10156138135870608,
    0.08107273447654156,
    0.06689369461415118,
    0.05074396648727201,
    0.06508659438261119,
    0.15925220634046744,
    0.15399093550143145,
    0.0647680417360524,
    0.1385383469950502,
    0.1539345761094039,
    0.21473191437212297,
    0.17867433123045484,
    0.11880307623668412,
    0.10854907078031929,
    0.09550254630951772,
    0.1277610300192241,
    0.10266961235220474,
    0.1285432468302403,
    0.09317263841739437,
    0.06496014973935264,
    0.12734000458639055,
    0.14497172302457245,
    0.11068760545494227,
    0.07859482182711063,
    0.06947908159937455,
    0.06246348481051887,
    0.05379761591828742,
    0.06983703849050771,
    0.05326252387488238,
    0.05329737521169117,
    0.10375288967021594,
    0.09480481691020579,
    0.11337445152411478,
    0.2597993179142428,
    0.11714500786157568,
    0.0932,
    0.065,
    0.1273,
    0.145,
    0.1107,
    0.0786,
    0.0695,
    0.0625,
    0.0538,
    0.0698,
    0.0533,
    0.0533,
    0.1038,
    0.0948,
    0.1134,
    0.2598,
    0.1171
  ],
  "logFile": "walkforward_book_20260303_234725.log",
  "isComplete": true,
  "gpuUtilization": 2,
  "completionReported": true,
  "lastUpdated": "2026-03-06T04:45:13.451Z"
}